{
    "cc": {
        "cc": 0.0,
        "con": 0.13133573058309375,
        "emboss": 0.2046620814927822,
        "jitter": 0.14780760492643313,
        "neg": 0.24605941359721414,
        "noise01": 0.14664388440156007,
        "noise02": 0.09762323607774057,
        "original": 0.15190177998772364,
        "poster": 0.13002862782881475,
        "rot": 0.15549236636205266,
        "smooth": 0.17268539726861018,
        "stipple": 0.19477482751331784
    },
    "con": {
        "cc": 0.13133573058309375,
        "con": 0.0,
        "emboss": 0.15078289685626695,
        "jitter": 0.08323467650876928,
        "neg": 0.198641010088603,
        "noise01": 0.07703978060238717,
        "noise02": 0.08556162869144751,
        "original": 0.08668003650531245,
        "poster": 0.0486972753662776,
        "rot": 0.12151974419926283,
        "smooth": 0.10318866823438913,
        "stipple": 0.09722514860883505
    },
    "emboss": {
        "cc": 0.2046620814927822,
        "con": 0.15078289685626695,
        "emboss": 0.0,
        "jitter": 0.07178896727646249,
        "neg": 0.07246154626382537,
        "noise01": 0.08030350932800252,
        "noise02": 0.14735022373498174,
        "original": 0.06752647534198407,
        "poster": 0.10706221056391108,
        "rot": 0.07038548952298014,
        "smooth": 0.05900024978523987,
        "stipple": 0.2213140082538449
    },
    "jitter": {
        "cc": 0.14780760492643313,
        "con": 0.08323467650876928,
        "emboss": 0.07178896727646249,
        "jitter": 0.0,
        "neg": 0.11750663047280734,
        "noise01": 0.014990958552821579,
        "noise02": 0.0862366150861049,
        "original": 0.00747732761881645,
        "poster": 0.03813961037270735,
        "rot": 0.06193399237132918,
        "smooth": 0.029568773760039007,
        "stipple": 0.15394431109243964
    },
    "neg": {
        "cc": 0.24605941359721414,
        "con": 0.198641010088603,
        "emboss": 0.07246154626382537,
        "jitter": 0.11750663047280734,
        "neg": 0.0,
        "noise01": 0.1263728590578224,
        "noise02": 0.19197062932196352,
        "original": 0.11319800350099986,
        "poster": 0.15377761744598278,
        "rot": 0.11674986116440092,
        "smooth": 0.11420849962402843,
        "stipple": 0.2688061084850636
    },
    "noise01": {
        "cc": 0.14664388440156007,
        "con": 0.07703978060238717,
        "emboss": 0.08030350932800252,
        "jitter": 0.014990958552821579,
        "neg": 0.1263728590578224,
        "noise01": 0.0,
        "noise02": 0.0861127187131463,
        "original": 0.01694926297039832,
        "poster": 0.03022996864167059,
        "rot": 0.06521493122862357,
        "smooth": 0.0390722391037214,
        "stipple": 0.14481030784446666
    },
    "noise02": {
        "cc": 0.09762323607774057,
        "con": 0.08556162869144751,
        "emboss": 0.14735022373498174,
        "jitter": 0.0862366150861049,
        "neg": 0.19197062932196352,
        "noise01": 0.0861127187131463,
        "noise02": 0.0,
        "original": 0.08979486919779042,
        "poster": 0.0757545177776416,
        "rot": 0.10687835258199938,
        "smooth": 0.10682738621837494,
        "stipple": 0.15176456973329125
    },
    "original": {
        "cc": 0.15190177998772364,
        "con": 0.08668003650531245,
        "emboss": 0.06752647534198407,
        "jitter": 0.00747732761881645,
        "neg": 0.11319800350099986,
        "noise01": 0.01694926297039832,
        "noise02": 0.08979486919779042,
        "original": 0.0,
        "poster": 0.04102220742029648,
        "rot": 0.06207666992066213,
        "smooth": 0.02509423041240056,
        "stipple": 0.15846885769403835
    },
    "poster": {
        "cc": 0.13002862782881475,
        "con": 0.0486972753662776,
        "emboss": 0.10706221056391108,
        "jitter": 0.03813961037270735,
        "neg": 0.15377761744598278,
        "noise01": 0.03022996864167059,
        "noise02": 0.0757545177776416,
        "original": 0.04102220742029648,
        "poster": 0.0,
        "rot": 0.08406224899622858,
        "smooth": 0.05895826076423631,
        "stipple": 0.11997299603788378
    },
    "rot": {
        "cc": 0.15549236636205266,
        "con": 0.12151974419926283,
        "emboss": 0.07038548952298014,
        "jitter": 0.06193399237132918,
        "neg": 0.11674986116440092,
        "noise01": 0.06521493122862357,
        "noise02": 0.10687835258199938,
        "original": 0.06207666992066213,
        "poster": 0.08406224899622858,
        "rot": 0.0,
        "smooth": 0.0688083017128895,
        "stipple": 0.18942858750033478
    },
    "smooth": {
        "cc": 0.17268539726861018,
        "con": 0.10318866823438913,
        "emboss": 0.05900024978523987,
        "jitter": 0.029568773760039007,
        "neg": 0.11420849962402843,
        "noise01": 0.0390722391037214,
        "noise02": 0.10682738621837494,
        "original": 0.02509423041240056,
        "poster": 0.05895826076423631,
        "rot": 0.0688083017128895,
        "smooth": 0.0,
        "stipple": 0.1774753525459865
    },
    "stipple": {
        "cc": 0.19477482751331784,
        "con": 0.09722514860883505,
        "emboss": 0.2213140082538449,
        "jitter": 0.15394431109243964,
        "neg": 0.2688061084850636,
        "noise01": 0.14481030784446666,
        "noise02": 0.15176456973329125,
        "original": 0.15846885769403835,
        "poster": 0.11997299603788378,
        "rot": 0.18942858750033478,
        "smooth": 0.1774753525459865,
        "stipple": 0.0
    }
}