{"1": [-0.1607819973991034, -0.07653745242649714, -0.0015833941150354268, -0.19896427136753636, -0.07226774068473886, -0.07793603312751345, 0.0979845895558853, 0.02181131250024718, 0.34389458688915703, -0.08171270161847687], "10": [-0.158251780252478, -0.033371433075198874, 0.08584076243559059, -0.3089348650156231, -0.2879482702836041, 0.041203978706917076, 0.08276826657216758, -0.07970688980473663, -0.014741489428025424, 0.0834160236843987], "11": [-0.15724600714754602, 0.08180352041805945, 0.056781854749874856, -0.022746676676407878, -0.3859211345008672, 0.26609311435765215, -0.19968525333638146, 0.014003742594940994, 0.06655223998981197, -0.22267668181402084], "12": [-0.15717252092432596, -0.07784851584733526, 0.006572295963737183, 0.14528740390115272, -0.27367282293424755, -0.3012830352010962, 0.21778644495605418, -0.0017003745123995695, 0.2046851444542724, 0.0008127382153036385], "13": [-0.15828948424847594, 0.031833671829609916, 0.15380152889411022, -0.07942451499083122, 0.15046074022897837, -0.03379405734608926, -0.09806394381446043, 0.17167468887382292, 0.021287378159046147, -0.047499711632263804], "14": [-0.15599028342673782, 0.19119385428391447, 0.18721086658764705, 0.4595244139479136, -0.01857772890988207, -0.19530578910966934, -0.2407253176481399, 0.08720522998758184, 0.29983662760552365, 0.12778045227395776], "15": [-0.15949932666999014, -0.06418641721440378, 0.24413318368627954, 0.012335759701445166, -0.061733815953366244, 0.34005892988459213, -0.15241344406232113, 0.02848521947775695, -0.03130199709404706, 0.009009826471505267], "16": [-0.15719422274568404, 0.10887231254595292, -0.17874689449136671, 0.03707140364576826, -0.3147702656655712, 0.22867058203205362, 0.16925524182899204, 0.10592079301573426, 0.153060801466608, -0.1007381448318794], "17": [-0.15813940319290734, 0.14058057168627908, 0.013642191392521933, -0.09553239286885169, -0.015848009957430048, -0.13696857837645432, 0.18938494997164187, -0.13422993529131882, -0.07260508955772914, 0.17350922609084382], "18": [-0.15873636105908218, -0.10560761572859462, 0.06967250514574876, 0.17883221393724574, -0.15666133561479137, -0.01199995518337759, 0.2891135152909178, 0.25234283629196624, -0.19888378942462154, -0.09584775254579467], "19": [-0.1573020431439047, 0.07726998291745946, -0.21205083200818664, -0.21913585657771728, -0.03153967426417137, -0.10076112268438404, -0.3577717434638583, 0.0955777631491109, -0.24218072538192056, -0.2417305510913794], "2": [-0.15776319474965367, 0.1966222572484086, -0.014797385786471884, 0.042123040077499445, 0.3323853880326666, -0.036238618702410824, -0.018185749459241552, 0.016988360342457754, -0.04551605241152317, -0.26284075504607257], "20": [-0.1553664767721388, 0.23875344482463087, 0.04891406613542982, -0.0793301128594844, 0.027451249453869103, 0.22547332550956617, 0.22053656498091234, -0.09416437069328769, -0.21433511311788672, 0.14507250894652624], "21": [-0.1592153007240501, -0.2143064027591181, -0.12276006336898135, 0.16127870307378925, 0.15912412818710944, -0.06606823006260788, 0.15330977150790603, 0.0018610775780405666, -0.10503013772687153, 0.05002269688230427], "22": [-0.15882321618280762, -0.06640903719767832, -0.020285896068816558, 0.41662826085394894, 0.028203326780016115, 0.40285557721153453, -0.17175007331085224, -0.04912921856519, -0.03710584896263072, 0.35743881221033075], "23": [-0.16043003005510056, -0.25265476375286705, 0.16939137654573327, -0.08260387075654242, 0.07888575782679555, -0.02862249943966335, 0.03362751277814582, 0.08693541196291238, -0.02223979503722108, 0.05739953271441655], "24": [-0.1597017414290934, -0.1312404115808222, -0.11881845019677346, -0.06493806935754216, -0.07315112670177179, -0.10331479388425119, -0.07394771433071894, 0.5002631215212251, 0.05070424782594534, 0.01878049445093215], "25": [-0.15986936261339754, -0.2014540964391512, -0.005892535784610767, -0.16563827664634587, 0.11024282940937494, 0.011738868510403448, -0.0465488144763168, -0.12622151518193675, 0.14427384753399408, -0.021818273765100406], "26": [-0.158844079906848, -0.081010983260096, 0.17031193172424283, -0.0728262299839928, 0.03492866874323555, 0.06148197199331647, -0.178599691345019, -0.029948867467563707, 0.329510230741735, -0.0010634919008569567], "27": [-0.15552326786167914, 0.28900836517205547, -0.10197491642000284, 0.18017808000118046, -0.17064898988638463, -0.3063743619345118, -0.1500242076471543, -0.1634450078587513, -0.3029655484153184, -0.0584024961469172], "28": [-0.15410918161961062, 0.34119445816697297, 0.24479615169075578, -0.06559742405859796, 0.01822574479483235, 0.06047341365474216, 0.07959920496426, 0.043735274788783106, 0.1261288338775801, 0.09587601391632632], "29": [-0.15905471836910112, -0.07248672791732438, 0.20808621999996105, -0.1646857132530602, 0.0088247028286746, -0.1501310056466519, -0.019531085599082308, 0.06390731853664945, -0.2266686951722888, -0.057073158626531555], "3": [-0.15853583914425476, -0.10747347688327416, 0.10680289593106519, -0.0480579022919349, 0.049483684417921836, 0.0259950719414343, -0.029022741332988808, -0.09839526838240573, 0.03262486205649836, -0.0002719533609135042], "30": [-0.15907147251249856, -0.12586855081465656, 0.006549788875296492, 0.01561743558099061, 0.0429557475268878, 0.05706452995536368, 0.014319641323802878, -0.16387155334532458, -0.2609681891089877, 0.0033386854860339207], "31": [-0.1580420216026133, 0.08536513950127744, -0.19384820949838752, 0.025605974376751092, 0.2481887899968261, 0.022762887313265204, 0.14961625302130355, 0.07363443294163399, 0.20752492177138696, -0.09641383239652856], "32": [-0.15781119860390544, 0.02375510081835469, -0.22996350680834063, 0.124317530327297, -0.22510405153457563, -0.050318902473175435, -0.2729590055075823, -0.2127407809399151, 0.033137057731730514, -0.15599629155058112], "33": [-0.15825940708218225, -0.14149631807989166, -0.3544080215859784, 0.13310309240876628, 0.1647031441620778, 0.1310076637080317, 0.20399628655999913, -0.2043197560295389, 0.08440109136786234, -0.0814615148914668], "34": [-0.15710773293194225, 0.21523279607660847, -0.16315178061208715, 0.04378744452226594, 0.1788804335926689, 0.06817972340936225, 0.10826930125378112, 0.2897118793630566, 0.024803626626227017, -0.18615629531997885], "35": [-0.15826657946411593, -0.08560567666412648, -0.06769228158743855, -0.0028673583967757247, -0.10960086729436262, -0.14132342071492335, 0.04256476497713341, -0.2876453421911251, 0.017484464718127937, 0.061693245132611534], "36": [-0.15895829292122213, 0.02985606811885588, -0.33848535744333075, -0.13471564026600288, 0.1249472202140267, 0.010388646362098792, -0.24328897820963702, 0.09057231038037662, 0.058348955564037255, 0.3413746261743256], "37": [-0.1558528846194209, 0.395134730189526, 0.13267095176355176, -0.11267994528062, 0.09830084159152906, -0.15913426585108997, 0.1149048072866334, -0.13279186347724123, 0.11160933801377568, 0.027400224740060826], "38": [-0.15851558082642292, -0.097715175722214, -0.08272616476541213, 0.1919631858722844, 0.017915620787217545, 0.06754975406270788, 0.12391228390337258, -0.024705727802526403, -0.07746844848560104, -0.3377036661344221], "39": [-0.15877689475549592, -0.1390393361151461, 0.0933688656970726, 0.04997082084020935, 0.06676940904667021, -0.06768518974220912, -0.05378295190510726, 0.33255625093052554, -0.15528526454858646, 0.087433172396824], "4": [-0.15746002817303723, 0.0788246237722295, 0.24213576514522386, 0.05071217902931312, 0.10351070652896745, 0.09232981209917056, 0.009641493083762137, 0.01254265989665669, -0.22597905919203484, -0.025750136589538244], "40": [-0.15844569382997137, -0.11114441119165885, 0.12984779962890036, 0.12056767825888515, -0.030316774686977327, -0.12881679127824947, -0.02049287438067185, -0.11777413177794385, -0.15220391797065422, 0.04688800567520344],