{"1": [0.15156634871950922, 0.039545831117210835, 0.23310095792448934, -0.024434238427162306, 0.11483449985610433, -0.18364773274539833, -0.17493352702701015, 0.24317825398534512, 0.15171403488338608, -0.06357628457175703], "10": [0.16169161082500516, -0.2122594686699067, 0.2208900861345638, -0.04014834401043643, 0.03680575197023121, 0.31811330163026574, 0.09316357009072791, -0.22282005553134282, 0.08346689896966562, 0.1333176142676662], "11": [0.1781346770744026, 0.29441316603752815, 0.3008244254063226, 0.05617546732343292, -0.14266349417394078, -0.11077358358350109, -0.021261911056554294, -0.26916311676405436, 0.05973503355747439, 0.05594061281077876], "12": [0.15754457756021137, -0.2660360177687066, 0.10316563050978182, -0.0011632781399443072, -0.034932692262430676, 0.12369549488702081, -0.2170770574886692, -0.04886765183476214, 0.19919445873014666, 0.07449120601014983], "13": [0.15036344635622526, -0.062149631049792285, -0.1763841608963427, 0.22362120394592855, 0.26748922416188176, 0.06459550865921236, 0.15143815414697603, 0.12923952443598222, -0.1324506171592491, 0.038247173020791114], "14": [0.1716602568992267, 0.15894545154039455, -0.03137038130140427, 0.35402762444460595, -0.051044185421133544, -0.004242135356158278, -0.008724132667927648, -0.024685223689025704, 0.20966494640934358, -0.26857612600602415], "15": [0.15476148806018672, 0.11161066820348046, 0.17922835954805397, 0.16217008161963006, 0.13915801696220906, -0.13573895180691112, 0.1662161602931147, -0.14715234831116317, -0.21600235901392195, -0.1309968984510372], "16": [0.15217353230780092, 0.14871275696130892, 0.2634056636554919, -0.099182689985235, 0.1294252154575094, 0.03701247522897901, -0.1445891805481632, 0.04431908359603182, -0.03918263856875729, 0.07918596987412642], "17": [0.1540232277564357, 0.007211005008086269, -0.13036164497966868, 0.07074577367058503, -0.10409489505078462, 0.20555390579603083, -0.1282883469265815, 0.2100436936752368, 0.06682170078011625, 0.27535868796205865], "18": [0.15243553274843158, -0.0978244853019695, 0.21863179708267333, 0.038755797184012175, 0.19438625137418247, -0.1629406089438464, -0.07936388012219824, 0.12074107395927162, 0.06336407033124142, -0.06764764950532612], "19": [0.16026930104093393, 0.13156741104496725, 0.06671388340621255, -0.3351396677488617, -0.09455317448643326, 0.1273704311738226, 0.23093381275294333, 0.14383358734449236, 0.04163109407507946, 0.14750324626326589], "2": [0.1662941905336064, 0.20018372678655075, -0.1609025316851017, -0.1565593358832599, 0.188831326235371, -0.1104391982303135, 0.03128272638225102, 0.005469549074245837, 0.32435264296796495, -0.04428315980707726], "20": [0.1499366568880144, -0.025828372127186163, -0.15084305989599303, -0.07908722823861995, 0.22251629201368586, -0.05384680567897655, 0.04920344804644229, -0.10837898213430419, 0.1381107562880247, -0.013720707354002274], "21": [0.1409374595091969, -0.17758468380984924, 0.06000574442647675, -0.028320346558928993, 0.08545009968211947, -0.02300435449810997, -0.006138721350775541, 0.1386556984161056, 0.06369771218899112, -0.2293571747200209], "22": [0.1590828795313857, 0.028777078928760618, -0.1511985476562575, -0.13634484065209443, -0.09436449697347159, 0.05840204714663218, 0.2078175636986832, -0.08818497020298241, -0.2129908513620304, -0.29166786638697284], "23": [0.15358116086046758, -0.1333175999631548, 0.12010390035855276, 0.21537672677019806, 0.011067926134456299, -0.12681310820197542, 0.23673835808057841, 0.08507167845910127, -0.044958266929122845, 0.2887079087443536], "24": [0.16770047800847446, 0.1597013537662371, 0.16978931603783226, 0.07376359634157575, 0.17762785603644926, 0.2187026220446794, -0.45543327468660777, 0.12252929899584739, -0.30482533130082823, -0.03786835286108958], "25": [0.1562661678919788, -0.061917867953585747, 0.07787555898619318, 0.22286240307527277, -0.2674120948799124, 0.2193263258988189, 0.1114309697330206, -0.06717548612293672, -0.06768825912361331, -0.08307969217626548], "26": [0.14925512776919939, 0.0016625697242485938, -0.018798420754836998, 0.2424982621105074, -0.28247967820991304, -0.1541870585207475, 0.1706560565602182, 0.020426541224809212, 0.062073743713485195, 0.12178510182236275], "27": [0.16007895835095878, 0.008769624119029007, -0.1580878027637072, -0.00831992224317104, 0.19425112954736226, 0.135779026279801, -0.08113493418523067, -0.17878818930384355, 0.29374428635639305, 0.30932355715235116], "28": [0.16626360048076286, 0.22797998321516175, -0.13690509374501206, 0.23557039963734377, 0.03585280271800343, 0.09518879490104537, 0.029478088032206737, -0.24074660885181756, -0.019878949577892425, 0.10026975012692019], "29": [0.15205767112346422, -0.042021132992133434, 0.06346381696052852, 0.15491192835900938, 0.17272133711374224, -0.12206719306438628, -0.1092526215830019, 0.19943560987495856, -0.16065214560143534, -0.15372576039195895], "3": [0.14380211995518408, -0.13363905935822096, -0.017389667215609993, 0.007846762785621745, -0.02508353352664981, 0.11026347202886709, 0.2219887534900801, -0.08435354911919443, 0.10564828405907675, -0.28676687732851974], "30": [0.15876350643868944, -0.20462542428388236, -0.09568317840421266, -0.09241617699148658, 0.019656411089973253, -0.1450615905070666, -0.14101972500322438, -0.15654474255848497, -0.19429261491758595, -0.08131384437290795], "31": [0.15377127749449576, -0.05159621226437761, -0.29902050178803236, -0.07727956972303067, 0.12322339953399465, 0.017526741293899493, -0.1053749725209545, -0.051134156085446136, -0.04009113761775017, -0.0019326185605277834], "32": [0.16031105845899993, 0.20692976357689827, 0.12713054157980225, -0.1911034352556469, -0.18109521076789648, -0.05070242200297751, -0.04169063850860336, -0.07278213238505966, 0.005332322914359671, -0.13890228587796988], "33": [0.17129824609040334, -0.10463847157001058, -0.24084936304933566, -0.1090445690356925, -0.21834813353452565, -0.2738397195496252, -0.2749501274140482, -0.29378556651281434, -0.3437745322636333, 0.13864288957840246], "34": [0.17930676002030646, 0.3073665125401986, -0.21631363385614957, -0.05285057762865015, 0.08757623000287378, 0.08812926180152031, -0.15630304517691732, -0.15868189013826178, 0.11678238049951443, -0.18279017745121764], "35": [0.15132598987463067, -0.21234941068579788, -0.05152379630000459, 0.010897323362225724, -0.12070722585648151, 0.204204540744623, -0.017507653998387274, 0.0756342895518045, -0.03837542030267392, -0.12558945299094373], "36": [0.1621968222293253, 0.16434629678381424, -0.06816599342285289, -0.2128347730544949, -0.09093015287332208, 0.0861709324330513, 0.133271568859732, 0.31401221369470067, -0.25765850369603294, 0.169740962456613], "37": [0.1632794551712699, 0.1632033258193719, -0.20399133222166177, 0.12161402183495791, -0.2790533140758584, -0.0536061337970746, -0.041807336786310635, 0.23353417734316137, 0.2383284377637754, 0.03475036249759975], "38": [0.161482679852662, -0.1023678895761924, 0.06430304527890089, -0.029274482751421117, -0.153281852596631, -0.5352459980353842, -0.02447441174247468, 0.05947540062791351, 0.1153888957027147, 0.14550488085546082], "39": [0.1509846003231106, 0.06099106136643225, 0.01762041153072203, 0.24746188625073548, -0.08638196519730491, 0.08824166029575876, 0.046127314772042904, -0.026006389223865826, -0.2267131064181092, 0.06635125717543931], "4": [0.15230517482755726, 0.01001116298865194, -0.04147321783615931, 0.041694517955133015, 0.3393717833062678, -0.11428279865451205, 0.3428291721779397, 0.08920839370408798, -0.10363082690171073, 0.11452526921591014], "40": [0.14421660714936313, -0.19389070758480606, 0.06706354953525788, -0.08633742630369104, -0.02730463662514166, 0.11383337155291376, 0.06855517592105045, 0.10297035552318065, 0.10402624359990557, -0.22573196820759858], "5": [0.16069364968208974, -0.20838610669738813, -0.1010678915848566, -0.023863611531202786, -0.2423162509734224, -0.03153000975799108, -0.11507497189044016, 0.1709086733701208, 0.07343224835534752, -0.19810964805461365],