{"1": [-0.2217265878601558, -0.2217265878601558, 0.003164620856651451, 0.003164620856651451, 0.008764277872645648, 0.008764277872645648, 0.035326716420679166, -0.08393879607048318, -0.08393879607048318, -0.1328058635727512], "10": [-0.22172658786015584, -0.22172658786015584, 0.003164620856651368, 0.003164620856651368, 0.008764277872645825, 0.008764277872645825, 0.03532671642067932, -0.08393879607048291, -0.08393879607048291, -0.1328058635727511], "11": [-0.22172658786015567, -0.22172658786015567, 0.003164620856651257, 0.003164620856651257, 0.0087642778726457, 0.0087642778726457, 0.035326716420679166, -0.08393879607048307, -0.08393879607048307, -0.1328058635727511], "12": [-0.22172658786015587, -0.22172658786015587, 0.003164620856651451, 0.003164620856651451, 0.008764277872645748, 0.008764277872645748, 0.03532671642067915, -0.08393879607048305, -0.08393879607048305, -0.1328058635727511], "13": [-0.2217265878601558, -0.2217265878601558, 0.00316462085665159, 0.00316462085665159, 0.008764277872645658, 0.008764277872645658, 0.035326716420679055, -0.08393879607048313, -0.08393879607048313, -0.13280586357275098], "14": [-0.2217265878601556, -0.2217265878601556, 0.0031646208566512846, 0.0031646208566512846, 0.008764277872645677, 0.008764277872645677, 0.03532671642067911, -0.08393879607048316, -0.08393879607048316, -0.1328058635727511], "15": [-0.2217265878601558, -0.2217265878601558, 0.003164620856651326, 0.003164620856651326, 0.0087642778726457, 0.0087642778726457, 0.03532671642067915, -0.08393879607048314, -0.08393879607048314, -0.13280586357275118], "16": [-0.22172658786015587, -0.22172658786015587, 0.0031646208566513956, 0.0031646208566513956, 0.008764277872645818, 0.008764277872645818, 0.035326716420679194, -0.0839387960704831, -0.0839387960704831, -0.1328058635727511], "17": [-0.22172658786015592, -0.22172658786015592, 0.003164620856651368, 0.003164620856651368, 0.00876427787264572, 0.00876427787264572, 0.03532671642067903, -0.08393879607048299, -0.08393879607048299, -0.13280586357275095], "18": [-0.2217265878601558, -0.2217265878601558, 0.0031646208566512846, 0.0031646208566512846, 0.00876427787264571, 0.00876427787264571, 0.03532671642067911, -0.08393879607048318, -0.08393879607048318, -0.13280586357275104], "19": [-0.2217265878601558, -0.2217265878601558, 0.003164620856651451, 0.003164620856651451, 0.00876427787264573, 0.00876427787264573, 0.03532671642067911, -0.08393879607048298, -0.08393879607048298, -0.13280586357275107], "2": [-0.22172658786015595, -0.22172658786015595, 0.00316462085665134, 0.00316462085665134, 0.008764277872645722, 0.008764277872645722, 0.03532671642067914, -0.08393879607048288, -0.08393879607048288, -0.13280586357275115], "20": [-0.22172658786015575, -0.22172658786015575, 0.0031646208566513123, 0.0031646208566513123, 0.008764277872645797, 0.008764277872645797, 0.03532671642067914, -0.08393879607048291, -0.08393879607048291, -0.13280586357275104], "21": [-0.22172658786015592, -0.22172658786015592, 0.0031646208566515205, 0.0031646208566515205, 0.008764277872645592, 0.008764277872645592, 0.035326716420679166, -0.08393879607048299, -0.08393879607048299, -0.13280586357275118], "22": [-0.2217265878601558, -0.2217265878601558, 0.0031646208566514095, 0.0031646208566514095, 0.008764277872645679, 0.008764277872645679, 0.03532671642067906, -0.0839387960704831, -0.0839387960704831, -0.13280586357275107], "23": [-0.22172658786015564, -0.22172658786015564, 0.003164620856651354, 0.003164620856651354, 0.008764277872645745, 0.008764277872645745, 0.035326716420679104, -0.08393879607048303, -0.08393879607048303, -0.13280586357275118], "24": [-0.221726587860156, -0.221726587860156, 0.0031646208566514927, 0.0031646208566514927, 0.008764277872645727, 0.008764277872645727, 0.035326716420679125, -0.08393879607048299, -0.08393879607048299, -0.13280586357275104], "25": [-0.22172658786015562, -0.22172658786015562, 0.003164620856651354, 0.003164620856651354, 0.008764277872645821, 0.008764277872645821, 0.035326716420679236, -0.08393879607048298, -0.08393879607048298, -0.13280586357275126], "26": [-0.22172658786015575, -0.22172658786015575, 0.003164620856651354, 0.003164620856651354, 0.008764277872645838, 0.008764277872645838, 0.03532671642067928, -0.08393879607048296, -0.08393879607048296, -0.13280586357275093], "27": [-0.22172658786015578, -0.22172658786015578, 0.0031646208566514233, 0.0031646208566514233, 0.00876427787264569, 0.00876427787264569, 0.035326716420679166, -0.08393879607048294, -0.08393879607048294, -0.13280586357275118], "28": [-0.2217265878601558, -0.2217265878601558, 0.003164620856651451, 0.003164620856651451, 0.008764277872645762, 0.008764277872645762, 0.035326716420679166, -0.08393879607048307, -0.08393879607048307, -0.13280586357275093], "29": [-0.22172658786015592, -0.22172658786015592, 0.0031646208566514372, 0.0031646208566514372, 0.008764277872645818, 0.008764277872645818, 0.03532671642067928, -0.08393879607048307, -0.08393879607048307, -0.13280586357275104], "3": [-0.22172658786015603, -0.22172658786015603, 0.003164620856651465, 0.003164620856651465, 0.008764277872645845, 0.008764277872645845, 0.035326716420679374, -0.0839387960704831, -0.0839387960704831, -0.13280586357275115], "30": [-0.2217265878601557, -0.2217265878601557, 0.0031646208566515066, 0.0031646208566515066, 0.008764277872645693, 0.008764277872645693, 0.035326716420679236, -0.0839387960704831, -0.0839387960704831, -0.13280586357275115], "31": [-0.2217265878601558, -0.2217265878601558, 0.0031646208566512013, 0.0031646208566512013, 0.008764277872645726, 0.008764277872645726, 0.03532671642067907, -0.08393879607048296, -0.08393879607048296, -0.13280586357275104], "32": [-0.22172658786015603, -0.22172658786015603, 0.003164620856651368, 0.003164620856651368, 0.008764277872645769, 0.008764277872645769, 0.03532671642067915, -0.08393879607048312, -0.08393879607048312, -0.13280586357275118], "33": [-0.221726587860156, -0.221726587860156, 0.0031646208566514095, 0.0031646208566514095, 0.00876427787264558, 0.00876427787264558, 0.03532671642067907, -0.08393879607048312, -0.08393879607048312, -0.1328058635727512], "34": [-0.22172658786015567, -0.22172658786015567, 0.0031646208566513123, 0.0031646208566513123, 0.008764277872645682, 0.008764277872645682, 0.03532671642067914, -0.08393879607048313, -0.08393879607048313, -0.1328058635727511], "35": [-0.2217265878601557, -0.2217265878601557, 0.003164620856651465, 0.003164620856651465, 0.008764277872645694, 0.008764277872645694, 0.03532671642067904, -0.08393879607048317, -0.08393879607048317, -0.1328058635727512], "36": [-0.22172658786015584, -0.22172658786015584, 0.0031646208566514233, 0.0031646208566514233, 0.008764277872645668, 0.008764277872645668, 0.03532671642067914, -0.08393879607048305, -0.08393879607048305, -0.13280586357275131], "37": [-0.2217265878601556, -0.2217265878601556, 0.0031646208566512013, 0.0031646208566512013, 0.008764277872645847, 0.008764277872645847, 0.03532671642067914, -0.083938796070483, -0.083938796070483, -0.132805863572751], "38": [-0.2217265878601557, -0.2217265878601557, 0.0031646208566513817, 0.0031646208566513817, 0.00876427787264579, 0.00876427787264579, 0.03532671642067914, -0.08393879607048305, -0.08393879607048305, -0.1328058635727511], "39": [-0.22172658786015592, -0.22172658786015592, 0.003164620856651479, 0.003164620856651479, 0.008764277872645831, 0.008764277872645831, 0.03532671642067922, -0.0839387960704831, -0.0839387960704831, -0.13280586357275093], "4": [-0.22172658786015584, -0.22172658786015584, 0.003164620856651368, 0.003164620856651368, 0.008764277872645783, 0.008764277872645783, 0.03532671642067925, -0.08393879607048305, -0.08393879607048305, -0.13280586357275104], "40": [-0.22172658786015598, -0.22172658786015598, 0.0031646208566515066, 0.0031646208566515066, 0.008764277872645686, 0.008764277872645686, 0.03532671642067914, -0.08393879607048316, -0.08393879607048316, -0.13280586357275084],