{"cc": [470.2832795413273, 42.00920463034459, -63.675216583244726, -14.299711033959026, -52.27198816897992, -22.86621334468812, 67.20117789396517, 0.13174651721105887, -142.69308167108002, 70.09547752243202], "con": [470.2832795413274, 42.00917119313056, -67.18750579718505, 23.361332412169364, -133.465685894679, -90.27000994198295, 151.87657638723834, -82.38965679231424, -265.9319881929565, -49.40236129981845], "emboss": [470.2832795413274, 42.00917975195775, -69.54940426365164, 45.21186220498388, -108.0072833217553, -23.350846061870875, 169.14096650939902, 105.34411353794948, -155.78270119156252, 97.23352146118143], "jitter": [470.2832795413272, 42.0091901692211, -28.6249853847456, 55.518631487818, -87.94519440787, -33.314104404525004, 171.47294823287214, -34.79808336628921, -90.49314341987184, 11.125782429047371], "neg": [470.2832795414035, 42.10926734163408, -69.18371735728118, 70.53462694870291, -111.18806123307752, -1.0599215669206943, 98.71571265147705, -42.67673790718194, -181.11943558366073, 105.92291803121341], "noise01": [470.2832795413272, 42.00917706233902, -108.12470699000382, 45.922798438946664, -82.58554161469236, -40.013222137021536, 167.08104825280964, -41.35203521761652, -100.86680007272945, 40.04666930592421], "noise02": [470.28327954132726, 42.009186903063984, -65.87370967156265, 45.18664124510613, -84.45554386472499, -11.499122491448947, 108.75962098774797, -16.420647292270043, -402.8694687412511, 95.89149988151401], "original": [470.2832795412514, 41.90910459830176, -69.17876979134759, 70.54450220179294, -111.15044949037147, -1.0630895775926508, 98.675669165652, -42.655659718163434, -181.11355906916668, 105.8685831362495], "poster": [470.2832795413273, 42.009228148475984, -70.39170060782548, 80.45501776505864, -23.11315362068467, -37.37838596034513, 114.26846129403731, -14.20217462625325, -220.6905954648196, -112.46882856675731], "rot": [470.2832795413274, 42.00918651291695, -67.15501763687395, 46.11254968843049, -84.91170224715277, -16.204242581332693, 88.25643875578292, -133.90924105284972, -112.22220510674673, 94.56165259479167], "smooth": [470.2832795413273, 42.00917278806258, -67.73517375481494, 26.224179232904977, -63.297890486286086, 39.19360110441362, 230.2553313156306, -88.73060871399956, -236.67615346165772, 59.855518814261], "stipple": [470.28327954132743, 42.0091884239899, -71.9011832818701, 32.50907488592541, -127.27678262349673, 46.31147747051537, 101.79803881071197, -16.70317801142895, -167.05533202651446, -169.93403069815858]}