{"cc": [3.0873269352335173, 2.9268976765838177, 4.586350617564379, 2.974347644912973, 3.359468243499414, 0.0, 4.586350617564379, 2.0866192281385163, 2.8505624368670124, 3.087672033984076], "con": [2.442529401527778, 2.052868565851805, 4.89762103464681, 3.406388787511736, 1.0615482128576796, 3.0843151320840225, 4.89762103464681, 2.375741688096992, 1.6358241134216573, 3.3511155904761387], "emboss": [1.6795167495370074, 1.7532596022068, 2.1501293490278837, 1.8741124851498518, 3.6058341047157243, 3.087672033984076, 2.1501293490278837, 2.391246721885666, 2.3555377431747364, 0.0], "jitter": [0.6446273305355792, 0.19514782596493743, 3.410454194449133, 2.0934677830768007, 2.3779512369660347, 2.92820828828744, 3.410454194449133, 1.737233488995832, 0.8923317482110069, 1.7683979222818496], "neg": [3.3362563371481815, 3.3949025198347678, 0.0, 2.8065914753921004, 5.007701970430729, 4.586350617564379, 0.0, 3.951095943560778, 4.0256056884224245, 2.1501293490278837], "noise01": [0.7715048515333892, 0.23762804687777622, 3.3891902977738955, 2.0724551434008633, 2.3083177490163265, 2.9358175226971106, 3.3891902977738955, 1.7386225416810686, 0.8015106292430094, 1.7877368813587364], "noise02": [1.865857866770864, 1.7325346806209352, 3.951095943560778, 2.127119661504004, 2.6771330542213967, 2.0866192281385163, 3.951095943560778, 0.0, 1.7437932444902662, 2.391246721885666], "original": [0.5852581542261914, 0.17145427045126538, 3.403267106778241, 2.091153788140954, 2.476433830048011, 2.9378066735070156, 3.403267106778241, 1.7573238319758973, 0.8832553389169818, 1.7385251390727086], "poster": [1.2306763207321647, 0.8356372621902451, 4.0256056884224245, 2.5256322752331215, 2.015650839656086, 2.8505624368670124, 4.0256056884224245, 1.7437932444902662, 0.0, 2.3555377431747364], "rot": [2.0914386560450358, 2.0757854349898244, 2.8065914753921004, 0.0, 3.567412553206756, 2.974347644912973, 2.8065914753921004, 2.127119661504004, 2.5256322752331215, 1.8741124851498518], "smooth": [0.0, 0.6401418876060392, 3.3362563371481815, 2.0914386560450358, 2.8307971665103544, 3.0873269352335173, 3.3362563371481815, 1.865857866770864, 1.2306763207321647, 1.6795167495370074], "stipple": [3.509222782178573, 3.060611148402763, 5.331157047652918, 4.012872947691128, 1.0615482128576796, 3.913160249798399, 5.331157047652918, 3.3081268760267175, 2.7755261305207495, 4.126484302305356]}