{"1": [199.18835535545637, 78.75522857178528, 159.8361410557342, 177.04171638413845, 224.79498095099157, 132.61245813614656, 186.96723273729526, 211.17572962065367, 175.6188794644071, 158.63105787502857, 175.17086340818406, 191.7427152616185, 186.00229170267252, 173.1183001560505, 175.76606350977028, 143.54707769832075, 203.69923040387494, 212.6272566710638, 206.2598048061312, 209.28744867216938], "10": [258.10639451873254, 187.95298980359513, 167.14305826341467, 199.46138400227215, 283.57850913054756, 203.8198401892359, 178.9447889260955, 189.691086075193, 190.9295239354635, 216.93192416814048, 168.5906555419631, 176.46222103542098, 207.87878198336486, 208.72800228521817, 165.452544249728, 164.1874518562761, 260.55155645466834, 131.4037942028547, 162.76206747316365, 0.0], "11": [195.09828752315352, 242.57068735246753, 254.22965560051247, 265.4389876008832, 195.14744182892466, 187.23957435129063, 293.28466635355295, 283.4690252359987, 266.3612111608387, 196.5202707820423, 321.1981081204746, 310.51934608988086, 265.89191972010883, 268.1451546994097, 239.21278995947188, 256.1331208380569, 101.33550761386594, 317.5127893727897, 323.5246297354966, 294.86583626293805], "12": [262.0580489561376, 185.1785741802687, 168.52451538561243, 184.4877419884624, 294.3794195843872, 216.9561125859213, 160.55679756226849, 163.87221990463638, 186.15243379297004, 228.09943581347605, 144.1823431238761, 173.4074736081318, 205.1111652399962, 222.04215220623584, 202.84035976828645, 155.04927031836752, 279.30214098799104, 61.702288138100045, 144.50475558554277, 145.18148668558786], "13": [196.19738643993568, 156.1041909474863, 135.73229576335905, 202.30065173710398, 237.47077388718898, 171.0199577883028, 139.30857672351974, 188.3371834839751, 85.32712346794283, 188.27241964181516, 166.03177750776874, 161.9746952305599, 169.45106614817948, 138.1654916023027, 227.43031681451333, 145.52916929969732, 243.63405069930687, 197.6959255880809, 171.60447203538988, 208.60801740712802], "14": [155.95119678295006, 204.557102349135, 199.87993286653187, 232.90073152986488, 183.3976027008719, 175.92597331138873, 231.73727792513606, 232.58471164926686, 200.7844593820251, 186.32471962341356, 269.60946834156033, 253.43407612785322, 216.1397008743262, 221.66742738913203, 245.02321635169196, 208.75233405340018, 101.33550761386593, 266.78920937332265, 262.25776883099826, 263.37451652272364], "15": [176.83089290178182, 149.2836621377601, 160.7581699924943, 206.0463193106199, 206.3920189045825, 97.77599427806625, 198.18607064539245, 225.83794729023646, 176.2437126036368, 156.09374954330107, 206.02266287797113, 197.55630827835012, 198.28515084855724, 165.6010811783796, 192.70344388041616, 150.89351621140267, 175.35673286881033, 239.87370958640713, 227.7410207487575, 225.7978207496794], "16": [187.86248075494188, 142.87283889431063, 173.64035872159, 216.0076305490643, 205.11210121426433, 95.86996282943657, 213.71659028850638, 236.7799776976353, 190.28275709841367, 141.46718958713623, 207.74340369021866, 214.28505258796946, 188.97093335133755, 185.66720184803543, 177.81852012880816, 171.17495618849557, 188.84609730387947, 248.1787543045212, 232.61937274839502, 227.00635315143367], "17": [164.97560505284562, 163.19546587297202, 143.25224259351, 199.29502765604443, 214.80757650019544, 157.64970357807655, 159.0857216733219, 177.64750155795284, 147.4216684838817, 158.67575117744994, 180.63540686418955, 181.04740070798184, 0.0, 180.2053928484396, 214.27847536304725, 154.2716475791207, 220.0876110322526, 206.0599297508948, 176.62408747602376, 207.87878198336486], "18": [231.01759661207592, 129.24501302309213, 149.21909506258066, 173.51635461647933, 253.75127257181703, 158.36707640414232, 168.49319861208005, 192.9343064232403, 170.9203168505836, 187.3479015787947, 146.271608292733, 177.07148162218556, 196.3105208961484, 170.08413938414995, 183.41704671568976, 99.32590873434614, 235.18785659532728, 165.1132236626068, 173.25100231690135, 177.48681237860407], "19": [181.8957380168205, 184.15268268102284, 177.28360529732984, 213.84188711055643, 182.33989804177892, 158.83564150287245, 201.30901694334224, 218.79978093733712, 192.81719623508192, 94.88941196785505, 221.5006683220561, 216.97828866976585, 193.1691016191072, 190.507367273895, 176.03524203672816, 191.33108018151978, 195.9264174362228, 246.3339918011443, 232.76858980592328, 231.65130013932668], "2": [159.83059261616512, 200.03083296127127, 196.0555247888325, 233.81547182724512, 87.5747469379516, 175.66480119578873, 209.90364944640356, 231.44553463568056, 186.69407550348063, 151.1389401529861, 261.14548764790095, 251.31029664693472, 208.82173236657158, 199.34610882071223, 224.93571598577108, 216.74328509233064, 184.21825624382552, 277.94362697500424, 263.5292049498312, 272.6074943583348], "20": [194.61695948478183, 160.7141174415531, 97.44623284826321, 193.8810653689007, 215.00300105848368, 165.8731912930468, 134.82352869210192, 181.5547185268177, 133.21109993903383, 168.06935461567173, 159.4305585500379, 153.818436670429, 165.40778500081754, 154.54082857859285, 198.38077815499346, 153.80966487131002, 238.6051699162751, 204.51001764573877, 184.01159062793425, 208.91846916602327], "21": [251.8613081873393, 149.46400805262118, 146.2213582447683, 189.26452456347602, 288.8871025838636, 191.89113292641503, 147.96223265273292, 189.55041624385044, 169.57787760777447, 207.1920940283716, 53.90900669058417, 124.88391881282016, 191.708573512491, 182.5210211882102, 201.479061666101, 137.09097280133915, 285.48936453844163, 165.61199863463727, 147.00897152699616, 186.50211863718812], "22": [175.21577527276213, 181.1319660979245, 155.27511447602743, 204.38760371341343, 196.22748684922797, 168.99950380295365, 157.9948318767789, 177.13314394335782, 166.74218959903382, 124.07175604851886, 199.07238331034478, 188.47021695904866, 181.0771083434491, 178.74490628829867, 191.81923158317016, 174.5754933977921, 213.35691056221015, 220.03817834225, 188.9105557968762, 219.06691868602013], "23": [220.85183180133126, 152.54843246666712, 147.57805735300155, 172.59427968732493, 267.7881302742443, 174.36628299942117, 165.65447297720763, 180.9241744565432, 162.47173251552897, 197.69925661304205, 156.01598984960103, 169.93399562388728, 183.54910122272938, 163.33643925634283, 194.3373991510925, 81.19578217667743, 241.4974233574962, 160.80760842662684, 164.7122768187511, 171.51420424571356], "24": [180.16782444738388, 173.44903675406724, 199.81648857255092, 239.78165670372, 190.51252476901703, 115.92008867056126, 227.15141996400462, 235.62345676521915, 201.2249496073255, 169.04747252092278, 252.6685099948465, 255.17865343785647, 204.04765648060658, 215.70326022857057, 217.01841212268172, 209.52805452819996, 172.01542338435888, 256.0728156481856, 254.4805204829797, 245.37089957952523], "25": [197.12226429792105, 167.24764744105593, 97.4462328482632, 190.0781462544901, 246.90624229271398, 160.92079839087552, 175.16541235181586, 177.35637115985014, 165.0863227241973, 176.70224439662633, 173.53331242634832, 163.90569215168762, 180.76009313423924, 198.5863445111402, 196.0388306225673, 138.1051762543405, 214.7231813862352, 184.74835335411524, 168.58022426725128, 176.68676714812494], "26": [171.5784127166284, 158.12630639673364, 134.6512951108447, 174.49145160746482, 234.5975277923972, 158.03448505667487, 174.25465951302183, 185.938769296982, 166.08192968667484, 169.28019188473942, 177.59777004369457, 164.65076952752165, 160.4348746357927, 175.7311443501237, 206.20940800222542, 100.54763669065547, 214.24238280379095, 210.16900513138728, 179.40281093694858, 215.68979031951176], "27": [175.88904277319196, 176.5121173331166, 148.81308541376444, 201.13279656646867, 195.99913474473786, 169.14366125806671, 157.05868790872233, 184.88837189727457, 85.32712346794283, 169.10090232557837, 200.22313839798505, 194.10749543650053, 171.21351832438773, 179.58345313687803, 205.9523057769705, 176.44612555761358, 214.3100769262983, 205.38373161951833, 202.6030417749623, 209.64803193099607],