{"cc": [0.15536028799171755, 0.025527198615848505, 0.025527198615848505, -0.004230409904637496, 0.019139994972606413], "con": [0.1553602879917177, 0.025527198615848505, 0.025527198615848505, -0.004230409904637495, 0.01913999497260642], "emboss": [0.15536028799171747, 0.0255271986158485, 0.0255271986158485, -0.004230409904637501, 0.019139994972606402], "jitter": [0.15536028799171758, 0.025527198615848526, 0.025527198615848526, -0.004230409904637507, 0.019139994972606433], "neg": [0.15536028799171786, 0.02552719861584854, 0.02552719861584854, -0.004230409904637493, 0.019139994972606447], "noise01": [0.15536028799171736, 0.025527198615848488, 0.025527198615848488, -0.004230409904637477, 0.01913999497260639], "noise02": [0.15536028799171786, 0.025527198615848533, 0.025527198615848533, -0.004230409904637515, 0.019139994972606454], "original": [0.15536028799172236, 0.025527198615850236, 0.025527198615850236, -0.004230409904638642, 0.019139994972605483], "poster": [0.15536028799171753, 0.025527198615848526, 0.025527198615848526, -0.00423040990463751, 0.019139994972606447], "rot": [0.155360287991713, 0.025527198615846854, 0.025527198615846854, -0.004230409904636365, 0.01913999497260742], "smooth": [0.15536028799171764, 0.025527198615848536, 0.025527198615848536, -0.004230409904637495, 0.019139994972606423], "stipple": [0.15536028799171767, 0.025527198615848505, 0.025527198615848505, -0.004230409904637498, 0.019139994972606426]}