{"1": [0.015510504194095625, 0.02619060603675704, 0.007558911029783087, 0.019115862370501474, 0.00511597263468729], "10": [0.017633498394826065, 0.01177179566367862, 0.03145853065621502, 0.044172928952882835, 0.027486527274890666], "11": [0.012388052327832964, 0.011600306090117737, 0.02098468672866572, 0.035280099930823657, 0.016067690398656014], "12": [0.01608419486484364, 0.004525387062761303, 0.030222301782575126, 0.04407898190961989, 0.025135427216117858], "13": [0.009512064651139995, 0.014855392962113396, 0.016831108161379556, 0.0305995188985674, 0.012554857513761996], "14": [0.023796500810492786, 0.036102904593533325, 0.008905090122438182, 0.008861766619985341, 0.014981634980984334], "15": [0.021849666639520732, 0.034151658289503145, 0.008134660845887202, 0.010781980848846818, 0.014530812687878323], "16": [0.017516718099122898, 0.029217692485118713, 0.004396387682862131, 0.014751084853181481, 0.008805634339918603], "17": [0.02769248700423787, 0.04122610251179738, 0.01509607343741585, 0.004899406211463027, 0.022796755627340824], "18": [0.013781421478321409, 0.007804195505482108, 0.02530943086581862, 0.03926949398315369, 0.018664297444416396], "19": [0.00992821198167861, 0.00990250028577417, 0.021172023363941844, 0.035195259773577736, 0.016634961524247264], "2": [0.01320356198971851, 0.024089954065604564, 0.006537299133614842, 0.0199435994490661, 0.007325948588303744], "20": [0.01144318127860336, 0.022998035634806138, 0.009069848205395407, 0.021507606660954148, 0.011736269415931406], "21": [0.00388086846719767, 0.015413523282337083, 0.014037537777677982, 0.0275526297399599, 0.011639148233538453], "22": [0.0303574627763857, 0.0435748017081342, 0.018321083881796273, 0.008258222797528974, 0.026081801268536816], "23": [0.04376676782972272, 0.031213852450102032, 0.05839214267917688, 0.07209561256061162, 0.05365999711077199], "24": [0.01405805729483625, 0.02624752916686182, 0.006188431756198596, 0.016983170144202364, 0.010840008273906274], "25": [0.015909976005315612, 0.008827440201651472, 0.0268851196835617, 0.040926644823948304, 0.021283082357290584], "26": [0.014316552799889479, 0.027172445642616287, 0.0053717695329950415, 0.015875074010574135, 0.010214664862718152], "27": [0.02564717891353278, 0.03621137516502005, 0.013003223514393331, 0.016346614170529725, 0.014551603807750097], "28": [0.022863255304532423, 0.03568463652945338, 0.008638196965993059, 0.007870471762349899, 0.015957872126760655], "29": [0.008456870555245763, 0.016171995070168893, 0.020596898614838512, 0.031807913273282695, 0.02005902431542416], "3": [0.015204250187829524, 0.0060553760650373855, 0.029606541922599528, 0.043381187747755914, 0.025610365600768577], "30": [0.009813651436234277, 0.007444504555430255, 0.023601886027982657, 0.037490173216988554, 0.02021653198707538], "31": [0.0238092065965864, 0.03678569653734282, 0.010621441076526562, 0.006567231546269905, 0.017467852268100912], "32": [0.015265627373563568, 0.02570097497815781, 0.007867042123268855, 0.019664119177827195, 0.0056790830593083895], "33": [0.01485979517999287, 0.027935878632434744, 0.009733681275713064, 0.0171265939026913, 0.015933966852951988], "34": [0.017386364519915327, 0.029017332826136624, 0.004765145949887214, 0.015733355875476973, 0.010094186165524278], "35": [0.011842637384450877, 0.006465881873784035, 0.025683644573274142, 0.03939142722024153, 0.021691098281184082], "36": [0.015528372484213829, 0.01257180275383681, 0.0235112515048938, 0.03782170900709179, 0.016432661681241002], "37": [0.047690507425326566, 0.060887960010620176, 0.03334090764613855, 0.019387409788490132, 0.040236323745910275], "38": [0.0070871630766797325, 0.017713400266923075, 0.01294168658832372, 0.02594279530040171, 0.009408314667035445], "39": [0.016959140254973398, 0.029411182914786865, 0.0036056503960125103, 0.013596974424933387, 0.010965205200580728], "4": [0.015691425272760854, 0.02135762849072234, 0.01663319488948285, 0.02856437661289314, 0.008837626314168024], "40": [0.012932744428013742, 0.005015538191177854, 0.026313981011625985, 0.04022061751525144, 0.021367212446914096], "5": [0.007228525255871223, 0.014409302745492144, 0.01997972921406485, 0.03222554214787225, 0.01932907283617638], "6": [0.011714985560449085, 0.020060633404757403, 0.011466658544165259, 0.025219892000293707, 0.005561575224287899], "7": [0.014667394959187084, 0.024550813172610732, 0.008558310520808184, 0.02120504335965626, 0.005167195027508005], "8": [0.023328006567215932, 0.010509148707781045, 0.03748067341826596, 0.05134306559926353, 0.031817479995429734], "9": [0.011140872647336, 0.009985811728895157, 0.024767134225746675, 0.037579946598446184, 0.02175618900141607]}