{"1": [-0.1262085770946014, 0.0025838080920291386, -0.00509858731413682, 0.0033830905847567474, 0.00042887526764709026, -0.002471991190322585, 0.0020165975245391484, 0.002544670458689416, 0.007969155187332513, -0.0055558517135257494], "10": [-0.12620857709460137, 0.006992440315098715, -0.0023683545703885494, 0.006201631870984299, 0.00023031908896800588, 0.00531466887693339, -0.0007622715808337222, 0.007776084654349531, 0.009588426949860864, -0.0026563129219616616], "11": [-0.12620857709460145, 0.004352209708165086, -0.004996925226464684, 0.005114088644308664, -0.00036419945538576485, -0.0016567492433618909, 1.022792551920912e-05, 0.0003526430812138269, 0.007650881591300464, -0.005617802513375238], "12": [-0.12620857709460132, 0.0015081263974158305, -0.003684178018241486, -0.004032910978651263, 0.006871336657714279, -0.0012738849662528753, 0.004530705126354301, 0.0066323061387172895, 0.014478219069916065, -0.007057754404712568], "13": [-0.12620857709460137, 0.009061467048100824, 0.007418218960098437, 0.0026109193283202444, 0.000798497418172421, -0.006050692228784604, 0.0010334410931301106, 0.0015415396669097754, 0.007102268820408003, -0.007982794211663214], "14": [-0.12620857709460132, 0.00035721282709493235, -0.004176126011427471, 0.005278453673955902, -0.0021563240251615424, -0.0023320310083503894, 0.004538265512929224, -0.000941302904557094, 0.010746575487994178, -0.007855097966034258], "15": [-0.12620857709460134, 0.0011501312499714554, 0.00018932660841553762, 0.0018354791531074155, -0.0013701803575374364, -0.003661958089620383, 0.004567232631210369, 0.004436986037548195, 0.014255670156137502, -0.007928835574588892], "16": [-0.1262085770946013, 0.002459138152759728, -0.00030663695864601646, 0.00319701030315734, 0.0005215560955326073, -0.005888356671528544, 0.004956625873903507, -0.005304843840610734, 0.008496365796858203, -0.005683861060236509], "17": [-0.1262085770946013, 0.0004222885214615746, -0.002788198387982924, 0.004632326933321703, 0.0007334636183829237, -0.0032690305301668627, 0.005937952513601061, 0.003574380233104308, 0.013272643144220738, -0.005944635515735013], "18": [-0.1262085770946014, 0.0031871895767309408, -0.003505756417396485, 0.006440248389464062, -0.0023949389337553258, -0.004365149970774429, 0.014586548784465123, 0.0034763412365874, 0.009406980883375595, -0.006628873075396523], "19": [-0.12620857709460132, 0.0009870799818302602, -0.0004112162495772858, 0.006732383619240595, -0.005221821638065108, -0.0070103971380402344, 0.009478000048153452, 0.007857450823270926, 0.006837424988560025, -0.00782730815760564], "2": [-0.12620857709460132, 0.003357502336791799, -0.004492099167364283, 0.005994412760859947, -0.0008157292713591527, -0.001508349451972341, 0.002412274465953798, -0.0001693706973803281, 0.007397730986931996, 0.0016609756121691293], "20": [-0.1262085770946013, -0.0012168485507918435, -0.0016222055379001745, 0.004463557540852559, -0.0013236733253945841, 0.0013147587158854313, 0.00395739357371548, 0.0002793490145921045, 0.009487133495664794, -0.012562211239869774], "21": [-0.1262085770946014, 0.0033403149031449573, -0.007891954358945616, 0.012995498291977887, -0.0009970550386118721, -0.0023591255823258855, 0.0023415791402693377, 0.0020615692083982566, 0.019005588294103832, -0.007257121488309921], "22": [-0.12620857709460132, 0.0020340401093918723, -0.003073590741550795, 0.005917595792152097, -1.6375956342140833e-05, -0.0025801941111242423, 0.004737827976956482, 0.0021521614208836874, 0.006863443252140927, -0.0061719654201376995], "23": [-0.12620857709460118, -0.008728961122927896, 0.00026505655519401755, 0.008779787897473308, 0.002359541160499725, -0.004031139666276246, 0.0007436713685637776, -0.0016814826966528888, 0.009531262269488224, 0.0013660497520120865], "24": [-0.12620857709460137, -0.0004962500352655336, -0.0027062004019827645, 0.007765169016912293, -0.0023709335828656156, -0.000951087141208223, 0.006103824453269021, 0.004420489100253163, 0.005581504453361922, -0.007746007649006442], "25": [-0.12620857709460126, 0.0017287579301482133, -0.005394167959255002, 0.006061064470756491, 0.0020529111815257824, -0.00017727198809718557, 0.013230796615276012, 0.0019218813294839307, 0.006885264110504814, -0.00927580624323439], "26": [-0.12620857709460137, 0.004668009975457771, -0.0037794665238911063, 0.004595597488200125, -0.0017816326202378763, -0.006948032652940575, 0.00131100299264053, -0.0006052751266681652, 0.010474529873027183, -0.01112384662611394], "27": [-0.12620857709460143, -0.0008513488003829948, -0.003294450895355045, 0.006565373249392866, -0.0035028835441502566, -0.0037818763577827513, 0.003692868568105773, 0.0005401117786666257, 0.011292307391556271, -0.0058399098277284], "28": [-0.12620857709460134, 0.0009165229890248049, -0.0019611362444024493, 0.00810702264868842, 0.001958474404699536, -0.003063065567824435, 0.009086849625080684, 0.006158681584018088, 0.010253705993395335, -0.005048415965978502], "29": [-0.12620857709460132, 0.002434706068139609, -0.006119072044429179, 0.0029796561461849706, 0.0003777436693246453, -0.004547661479815385, 0.0068628694070371294, 0.001947673455478992, 0.016846582523254806, -0.008380575344567794], "3": [-0.12620857709460134, 0.0018635958847142361, -0.0018798416387947865, -0.0003530991769543353, -0.0034494773465140326, 0.0003579224848314276, 0.012556914026874203, -0.005918327036423089, 0.009731244624199963, 0.0010550815171559216], "30": [-0.1262085770946013, 0.0012016872491548583, -0.0022001321061028045, 0.005993593631794857, 0.0018852445110280492, -0.010461813673185638, 0.006129712057790261, 0.00552342399990398, 0.014507036140391593, -0.002855438350366237], "31": [-0.12620857709460132, 0.0016889255316967489, -0.0009559441614912076, 0.006504488602644013, -0.0008206172678994181, -0.0010865116821729998, 0.005590390318640146, 0.0009270664259302788, 0.014044089682298817, -0.014358473657510739], "32": [-0.12620857709460137, 0.0016793508465743523, -0.004461381716572825, 0.004304748447269569, 0.0038158067359250177, 0.0009664165641456223, 0.006688743032168438, 0.006361712787912617, 0.005712451714978145, -0.009158669925614706], "33": [-0.12620857709460132, 0.002293482103520549, -0.0019465953148576024, 0.005093013403675474, -8.51543899709684e-05, -0.00204729709575055, 0.004735602333994802, 0.0026038600961060354, 0.007315164802617972, -0.00599416275845091], "34": [-0.1262085770946014, 0.0018570074038620102, -0.0028940708995894475, 0.0034311229311912725, 0.0009999473674840796, -0.004702476627264173, 0.005601487596668691, 0.0032772671238106075, 0.009947113811308191, -0.005526659278691987], "35": [-0.1262085770946013, 0.0016037940616679465, -0.0054043536474611235, 0.005533178550252483, 0.003670308702178013, -0.009614578300450496, 0.0011400034027902847, 0.002181136039050161, 0.003805397237464782, -0.0017706070677677092], "36": [-0.12620857709460132, 0.0033302612846112453, -0.004608645063798464, 0.005144889425712813, 0.00532406259754465, -0.000612747440459835, 0.007855385933976907, -0.0066601410869651856, 0.012583806018538132, -0.0065031748432540825], "37": [-0.1262085770946014, 0.0012646871994385995, -0.0032562536129497376, 0.005052796607979635, -0.0008558742292385171, -0.002261379552172553, 0.004722472408656464, 0.0013933278776307875, 0.00971660260877944, -0.006930456314130779], "38": [-0.1262085770946013, -3.2247423711478045e-05, 0.0007875006368284135, 0.008050023581896873, 0.00417510850464841, 0.0023002921660976593, 0.004936117322325021, 0.0008190272906032384, 0.011975413664443898, -0.0120188127903895], "39": [-0.12620857709460132, 0.0003518442480742547, -0.004703993205999291, 0.006028376529036214, -0.003316191153590928, 0.0022562097366958882, 0.002509619685142911, 0.002474486669463204, 0.010041197538968838, -0.007070601814499086], "4": [-0.12620857709460132, 0.003959947354448951, -0.008800292055652668, 0.00799766554348811, 0.008905534690745953, -0.007892082737694029, 0.006425604807275, 0.0029900468265116184, 0.0051948964242525715, -0.008551481132660774],