{"cc": [0.44387151103470185, 0.20202434555582946, -0.19756871728521827, -0.2150786315644374, 0.6294368488795706, 0.17901540462889756, -0.2528659910543854, 0.334362451275304, -0.1466249104793973, -0.22381912087358588], "con": [0.1724191276741234, -0.6499026204832581, 0.06609852753634374, 0.12504058931694956, -0.12510856247060181, -0.01000007335520209, 0.14739693359150488, 0.17331240530076694, -0.005310356736064288, -0.6680023368080596], "emboss": [0.24218979026993143, 0.07514244539855243, 0.1372208602407705, 0.3366792487223268, -0.342530893194377, 0.5811535751381038, -0.25599017708440375, -0.11321833241526166, -0.47432353144852907, 0.0015810183961209418], "jitter": [0.3820400432422425, 0.19922976612173404, -0.09186409396894765, -0.08546618402514063, 0.0733139750093451, 0.04952624028359058, 0.31319195303924163, -0.7606441625068141, 0.1860039515716338, -0.2753320636155411], "neg": [0.1968172088899974, 0.05984909763222415, 0.27433931958624297, 0.4301368811344653, 0.03410781811532514, -0.07369469407264115, -0.538808945165908, -0.04980109535611427, 0.6092532752730492, -0.012655221491335363], "noise01": [0.3890412498786654, 0.19331470999357567, -0.11673447345051889, 0.06901901710524427, -0.3180084111542973, -0.2974971385699964, 0.0832153731449876, 0.06373503238082528, -0.26701833170784556, 0.1406779012998949], "noise02": [0.3903986311276905, 0.19753116268113516, -0.12054702523090388, 0.08035806546535681, -0.30974446408309164, -0.43695300605680865, 0.0945611186378858, 0.3170420970703266, 0.09104653534925246, -0.031296320305991984], "original": [0.17744934922700614, 0.05389906149697463, 0.3752551857943087, -0.1325366476717324, -0.0302066667885243, 0.27076799005908897, 0.34176234431982044, 0.2211812968787111, 0.2051197258980851, 0.14903429957165384], "poster": [0.21357798683777837, -0.3539969984448194, 0.05060366273611611, 0.5073143185736252, 0.47401212464129755, -0.16695839777190555, 0.27023282035017604, -0.09803758287573092, -0.19487427458092776, 0.4309716356752396], "rot": [0.17755164953721636, 0.05397416462476927, 0.3751207288031717, -0.1331755171978758, -0.029204418145951067, 0.27046134796011984, 0.34226549486770946, 0.22173180571986115, 0.20784977553390518, 0.1460157741271909], "smooth": [0.0638941372622617, -0.021841251853791408, 0.7040432399033429, -0.3292764671752373, 0.08776513252397936, -0.40151303595174664, -0.22742658352124046, -0.18502828672269725, -0.35167062669281823, -0.07509710231145715], "stipple": [0.33678949049950774, -0.5290496901021742, -0.21479943092979673, -0.46916668380628473, -0.18183748167435626, 0.08511934189914488, -0.2929765935848591, -0.1333253146594901, 0.14557127134202483, 0.414764745116563]}