{"cc": [-0.23480538475908685, 0.08628520024602668, -0.21629749709939422, -0.14412464255771062, -0.14563840964803365, 0.16572177401126686, -0.40517263428429623, -0.05911121459542151, -0.35760783655409806, 0.7162525189953949, -0.11238541675483305, 7.759769276765166e-05], "con": [-0.27820574909323975, 0.30898596765529607, -0.12748079385457436, 0.28381709108711195, 0.16812049964857367, -0.24289395421457152, 0.11153714107766914, -0.6136715436713654, 0.45414323773235094, 0.2184316010423564, -0.00848585997964806, -0.000108116870218788], "emboss": [-0.3210811592450861, 0.23852793046575285, 0.3998283464637888, -0.23603893049549618, -0.04459141034457189, 0.7329641127545712, 0.20975944687690878, -0.060223399701365296, 0.18958245697307236, -0.026211971650047856, 0.030902854481127763, -4.966899550399493e-05], "jitter": [-0.2819567997205001, -0.4150788300193401, -0.13933070019095203, 0.032845748630394675, -0.3790018312641196, 0.02003787697376845, 0.2313155093588992, -0.14786915788710225, 0.003006709331222029, -0.14884783269039087, -0.697235444975758, -8.648867492537173e-06], "neg": [-0.2339975285963165, 0.22663000345623438, -0.3479958729632769, -0.24356036867447478, -0.08303892577610075, -0.04111981994695261, -0.24956339514164017, 0.13719798994395993, 0.1627284699571341, -0.311490288185939, 0.01703154314677179, 0.7070876253332458], "noise01": [-0.2867644903657858, -0.4331458739576921, -0.17099642965336345, -0.05700916836954311, -0.3502912700367214, -0.013018785872201379, 0.18909999689470738, -0.2013724890460002, -0.07195647615113156, -0.00853001584818482, 0.7023014344615424, -5.839013210268479e-05], "noise02": [-0.35738560239965983, -0.45209691830623516, -0.07092218353197352, -0.15703602966571314, 0.7917769967309506, 0.05644135995581816, -0.06923429268828687, 0.03264195646160379, -0.024969171947916223, -0.021991806242359486, -0.033633518418752485, 1.7022736147691989e-06], "original": [-0.23397830834625652, 0.22665604993150829, -0.3479710998479273, -0.24338904554351545, -0.08301567694414948, -0.041029135779304345, -0.24977223990539224, 0.13716307535142094, 0.16238559381525539, -0.3116083926522028, 0.01698074896647027, -0.7071258597158778], "poster": [-0.2737397447834663, 0.2541290082684855, 0.0329250165377123, 0.46942498869045574, 0.0812336862020041, 0.09498896307097579, -0.08154909109621279, -0.18996223042857838, -0.6469498029056798, -0.4015693027102769, 0.02968801362111418, 0.0002718866542186312], "rot": [-0.3554420769693806, 0.001891096609943141, 0.6735911482382598, -0.24654770727080247, -0.1331095484697515, -0.5331462775431521, -0.2329186506884787, -0.0010653111531279803, -0.04485848708647977, -0.023837815217113506, -0.01872654331009425, -1.1277560924809748e-05], "smooth": [-0.27722003355960717, 0.30086241609228315, -0.1395359266652179, -0.07859772041288425, 0.07700533641820173, -0.26078639217832394, 0.6741423836749919, 0.44179934731396076, -0.20095317079301722, 0.2072512839658935, -0.007329371855253018, -0.00010443430950608493], "stipple": [-0.29545345803446144, -0.13435813952132186, 0.0833916888294025, 0.638818669192988, -0.10604447897744067, 0.08884913810238138, -0.2128359708026479, 0.5328171670997341, 0.3321606062551613, 0.13025201805630335, 0.0631073463340914, 9.133321230772133e-07]}