{"1": [0.15566194181852605, 0.0950153980120342, 0.16741171280301556, -0.1630724646676676, -0.0038272254992211415], "10": [0.1389373467244546, 0.34483801189797253, 0.31189717269637934, 0.03656061433443372, 0.11144414652408934], "11": [0.15485225122131754, 0.05336534706327004, 0.08877601366042756, 0.16457062214089452, -0.1779882984211821], "12": [0.1486630219665714, 0.16280220963917894, 0.1130268895468785, -0.0076571465367796425, -0.2561684469262067], "13": [0.1649287173822623, -0.1152833703637482, -0.0273404055791925, 0.28635390126817284, -0.12999545702477044], "14": [0.17221406695442842, -0.2177884861832849, -0.033791343772529805, -0.0613049861801381, 0.17673178213286583], "15": [0.1689739985277172, -0.14448584359708175, 0.03274761448100132, 0.031904180248161475, 0.08688170687718497], "16": [0.16214128992028423, -0.036227137339742525, 0.08497622745290749, 0.12925160199873048, -0.051454014301858184], "17": [0.15726888483418652, -0.004813007220909074, -0.12996255263559897, 0.08096563110565666, -0.0032837508414878536], "18": [0.14781822804706435, 0.13577591632422265, -0.136962721237246, 0.00608709591205473, -0.16921738041627976], "19": [0.14952004919093725, 0.09110409193043068, -0.2603396218248713, -0.14991873956735835, 0.07741257874973081], "2": [0.17188496756877603, -0.2378306212580101, -0.12660332773481897, 0.23120107655167627, 0.31980520319688566], "20": [0.16231670467472598, -0.05614156914292105, 0.04475025706336272, 0.04137304027849347, 0.06387263279624877], "21": [0.1534686498726678, 0.0745364208085451, 0.06541353710292364, 0.1263162157505739, -0.05230781829192471], "22": [0.16792352578095712, -0.11566709319330912, 0.035633462335289315, -0.08677885848364376, 0.17534104518313623], "23": [0.13101744481295272, 0.3146126713218593, -0.5258760016385272, -0.21030971465322118, -0.0035825737018970317], "24": [0.15013946413034135, 0.1344432541744513, 0.09677558630162814, 0.23180047660835815, 0.06686883446893876], "25": [0.15146352768600857, 0.08943648926720303, -0.02757147864960975, 0.16679901739614172, -0.023217659290073314], "26": [0.1637138552210591, -0.07271720110754865, -0.009788481595712856, -0.11436159177730978, 0.11837582139537473], "27": [0.1694382217810424, -0.13436379156522593, 0.08930096243653059, -0.23811920679211931, -0.026045810651450556], "28": [0.16556587292985125, -0.11214419741812501, -0.0004882501831300162, 0.01315497771113538, 0.15016201954941846], "29": [0.14893070161976574, 0.11657954733481958, -0.025434745924961394, 0.08762591433061756, -0.04681642396520766], "3": [0.14726596453698293, 0.17755733499078202, 0.024067063695176742, -0.21037896591448932, -0.04083861551487815], "30": [0.1564513473051882, 0.005291208389633146, -0.14943156999526397, 0.017273145532014467, -0.1589958424396651], "31": [0.16631902477204324, -0.1228013550851905, -0.018807842014102488, 0.18268699186122744, 0.21949642911959916], "32": [0.16771073480867002, -0.11031723043710717, 0.1508346225388056, 0.1070104561583403, -0.05328837876938555], "33": [0.15957290510503064, -0.026244814534766764, -0.044484460086057234, 0.04868690167829958, -0.2804914529021351], "34": [0.16740307449617256, -0.1687218389898809, -0.05981025413273759, 0.23190439466762974, -0.18018714586541093], "35": [0.1533334467468284, 0.05756764291055712, -0.08820058305832346, -0.03049773151856126, 0.1807333858218418], "36": [0.16157250000113868, -0.1019950839774046, -0.3557603777744104, -0.10742599903806171, 0.07605899545711128], "37": [0.18983109005822724, -0.38131818069112494, 0.3184427823861748, -0.47315226549345046, -0.12790169362815343], "38": [0.15562077480285766, 0.04982334562066349, 0.022674955933239913, -0.08190404886145096, -0.31321562223518173], "39": [0.16002341435115514, -0.01878278809286878, -0.03535664759321509, 0.019259860334577966, 0.12031325481742976], "4": [0.1578155242574354, -0.0038181813174319795, -0.05760750722992976, -0.22642850411084953, -0.12214433462707497], "40": [0.1469353882373033, 0.17645762264305825, 0.015340578326664196, 0.08543062437883962, -0.15631085734386257], "5": [0.15124040849109546, 0.08687449745741131, -0.05560951900676775, 0.1264559181839683, 0.0510463535078759], "6": [0.16343356225695457, -0.08704044983996391, -0.12205537921139965, -0.15426018662920574, 0.027474461854704348], "7": [0.16094002782006017, -0.018509705777904516, 0.10075941843694215, 0.0017589145427889831, -0.2181277311881102], "8": [0.13470094586859133, 0.40409725591203305, 0.1953474347764953, -0.19288045963676603, 0.33175090802271956], "9": [0.15266165838136653, 0.14140583077444513, 0.25003673288153694, 0.07612957683233139, 0.23697741858381954]}