{"28": 0.023871390879464563, "6": 0.013231079448788003, "21": 0.012739655497191417, "3": 0.010546009139838781, "26": 0.009543353471351443}