{"39": 1.4275322162259818, "13": 1.4099812428738872, "34": 1.4029014348979978, "28": 1.3850657496204914, "9": 1.3809984296356639}