{"con": 0.6451612903225806, "smooth": 0.7608695652173914, "jitter": 0.15384615384615385, "poster": 0.0, "neg": 0.03225806451612903, "cc": 0.0, "rot": 0.05319148936170213, "emboss": 0.10869565217391304, "noise01": 0.046511627906976744, "original": 0.0, "stipple": 0.022222222222222223, "noise02": 0.0}