{"image-cc-13-4": [0.09735182644750612, 0.06562299406620688, 0.037679017606087536, -0.1031205695781029], "image-smooth-23-1": [0.15274902971566948, 0.1357085298884066, 0.027036680820288594, -0.0817653357575886], "image-emboss-21-7": [0.14626679097669015, 0.10864138789613031, -0.09791644922597627, -0.16772190165929035], "image-original-27-10": [0.11592904347237065, 0.0657213187752585, 0.0408967329158999, -0.10318044952864064], "image-con-11-5": [0.08584645926108747, -0.07816206316984806, -0.0848156917698939, -0.18018787736793063], "image-emboss-23-5": [0.06920244955221334, 0.06883514893401935, -0.10026131012110952, -0.15644161925200706], "image-rot-2-9": [0.119069092959939, -0.08064595510680217, -0.0934558763625077, -0.20391817722673655], "image-stipple-21-3": [0.011549691536965223, -0.07302443235840814, -0.10457309270382657, -0.18261070326503612], "image-noise01-29-9": [0.0511607879980565, 0.021744485262571514, -0.11127890528255843, -0.12571792920137245], "image-original-15-5": [0.14694354931667417, 0.045402565229766795, 0.02870539450031325, -0.10272036234382756], "image-emboss-38-4": [0.11807201293205026, 0.07857716341921878, -0.09778109707204799, -0.23506322075328223], "image-noise01-18-6": [0.05499704123585078, 0.04961138723322451, -0.0840846742442513, -0.11190578257840163], "image-original-28-5": [0.06370874506835095, 0.02875762855926144, 0.01214787994432057, -0.10200891261911231], "image-stipple-38-1": [-0.01661361945789759, -0.06746028107743339, -0.09346024597570392, -0.19514449477934223], "image-stipple-18-4": [0.0018458770688580032, -0.07095295634946078, -0.09859312383100918, -0.23588270047864962], "image-jitter-11-2": [0.011028311139949419, -0.026491494245494792, -0.10099765198628824, -0.10998183134528101], "image-noise02-17-3": [0.052893014684960625, 0.03630936420729872, -0.1115853373325318, -0.1399255141385126], "image-cc-35-1": [0.0820482209112928, 0.06876412137054692, 0.03401740700934733, -0.10016853319190823], "image-jitter-15-6": [0.028530352483050723, -0.007634858050174489, -0.08993880208517335, -0.110747445020001], "image-emboss-13-10": [0.1294477828849389, 0.0990466513791797, -0.10003941579959616, -0.1458350631934556], "image-poster-32-5": [0.04473841701552401, -0.06111180630186402, -0.09391448719019911, -0.15676173759143602], "image-smooth-5-5": [0.2000290229271221, 0.15781049965906682, 0.09372339074294926, -0.08022794214764227], "image-con-19-8": [0.11954317273943495, 0.03154941882524115, -0.07841444497252512, -0.1286086745563038], "image-rot-16-9": [0.12416821091656911, -0.09443585075870069, -0.10896940233491612, -0.16391080310119677], "image-con-33-6": [0.14696439718377613, 0.050142167586380564, 0.04345271805918528, -0.08787760055610445], "image-cc-4-2": [0.040159991832698985, -0.004853898870437416, -0.00955846991677348, -0.10291944425189735], "image-noise02-13-4": [0.06147637931850737, 0.02615589447105338, -0.1116817797509233, -0.13882477497729986], "image-jitter-31-5": [0.03245186545675717, 0.023863507782063934, -0.11046679002978542, -0.1142191619269751], "image-noise02-35-6": [0.05330519019843576, 0.027540811268763885, -0.11134110389709823, -0.13747498260697463], "image-smooth-35-10": [0.21574136778698588, 0.1459788346169983, 0.04892458563819804, -0.07856537694708332], "image-poster-35-7": [0.09449360729737821, 0.020010474398797207, -0.08952143834133622, -0.18378315791949476], "image-poster-15-2": [0.11925629352551823, -0.0062679930534346685, -0.09167102522347191, -0.18019194791751963], "image-stipple-22-3": [0.029646074695269194, -0.07177704035273304, -0.10374407308620527, -0.12351173555627482], "image-original-14-5": [0.06274825706256927, 0.04199561738869618, 0.0052419621924798985, -0.10246225305029677], "image-smooth-28-9": [0.0451382073614408, 0.02545594099798468, 0.019743895658882675, -0.08580741865188682], "image-smooth-11-10": [0.13450363599485543, 0.010275554818618115, -0.06934631720905678, -0.08568023024167505], "image-emboss-11-9": [0.054441190637128926, 0.029416483526449662, -0.09779227615803153, -0.235676856493077], "image-noise01-20-3": [0.06979175558017815, 0.022814501731884335, -0.09838714810074707, -0.11201519843054193], "image-poster-11-7": [0.08512499543171766, -0.09181148087410419, -0.12733727798775632, -0.21880971243535385], "image-smooth-20-3": [0.1051762603185426, 0.09635954397435598, 0.05410976140380054, -0.08281089000751375], "image-rot-38-10": [0.09958336964777555, -0.08754929573814842, -0.1070140769240335, -0.23248788403475176], "image-noise01-28-8": [0.04970034003603507, 0.012148044288003194, -0.10119773833487533, -0.11107945863253492], "image-poster-4-10": [0.06823518729559855, -0.020255214241944982, -0.08841691718288874, -0.22200038212437448], "image-jitter-29-1": [0.04341674146738097, 0.026963641040313607, -0.09027528491310953, -0.11135612134989827], "image-original-27-8": [0.13035717549328152, 0.0694150658967289, 0.03896830685147379, -0.10301806814734409], "image-con-25-8": [0.06749620077949449, 0.05169223489419582, -0.031755313979376205, -0.0700216805926643], "image-poster-37-3": [0.06410859662262704, -0.04330970688028409, -0.09826776463727611, -0.14980858744187728], "image-jitter-10-1": [0.04020616599869945, 0.002987230894435042, -0.09216586810375142, -0.11044040935728318], "image-stipple-32-10": [-0.033193175557673246, -0.055874965374967674, -0.09799240933408822, -0.20666705253392262], "image-neg-10-8": [0.21603618523080775, 0.07209670840721177, 0.071402139468304, -0.09403818799650833], "image-stipple-11-9": [-0.013587121830903244, -0.059558011341013406, -0.09709503009010904, -0.20613498699487098], "image-jitter-16-4": [0.026891377045186408, -0.010197830049009702, -0.07826585731565816, -0.11080844501962993], "image-noise01-3-7": [0.07130698761548127, 0.05899766907406257, -0.06762957120835081, -0.11296810448912052], "image-con-27-5": [0.11279453043837026, 0.0984118179088597, -0.08476249228966708, -0.11471647889687628], "image-emboss-10-10": [0.11783068871740862, 0.07568449202784037, -0.09843048477513107, -0.2084796970218906], "image-noise01-13-5": [0.046289482900624894, 0.044782311412017696, -0.09671481434979902, -0.11244941102454967], "image-noise01-11-7": [0.009937020028585456, 0.006505515486304258, -0.0882162501904489, -0.11146672908036068], "image-noise02-18-1": [0.04518367941538726, 0.014910869975999233, -0.1119666546905688, -0.12500731367379522], "image-stipple-33-3": [0.0259336539746846, -0.10205376818851429, -0.10504487093081898, -0.10813616897849794], "image-cc-1-8": [0.1109350442867568, 0.010907990913212567, -0.03770188657909668, -0.10473897379141094], "image-noise02-27-3": [0.056767858449568116, 0.02704383943633573, -0.11161780468390504, -0.13106297809984233], "image-jitter-23-2": [0.04325066130315758, -0.02447068422073718, -0.0786338790123892, -0.11064893160786336], "image-neg-12-7": [0.18112704272812744, 0.12334855792712225, 0.09050618407107656, -0.09869387048864132], "image-original-36-8": [0.07696991667324125, 0.06085070953099652, 0.040667966509290554, -0.09773853107227057], "image-poster-31-9": [0.09413438769069757, 0.06733328495815678, -0.09318213540623799, -0.11210191059063097], "image-neg-5-6": [0.16309691869821155, 0.128390688469685, 0.11798331073377914, -0.09442090207626627], "image-noise01-3-8": [0.06902441341027006, 0.05594642780974273, -0.09111880344626232, -0.11214885802942433], "image-noise01-17-2": [0.04835336207120292, 0.04200946354044161, -0.06404427010105136, -0.11275800678283433], "image-neg-1-2": [0.07551889078777066, 0.026070578646820386, -0.05531091341937783, -0.10132041430872192], "image-cc-21-3": [0.08905779541703474, 0.06060720367672417, -0.031333689833927855, -0.1014176257236744], "image-smooth-33-5": [0.11465178189074281, 0.11089435884731501, 0.09784084555907575, -0.08491275382290173], "image-rot-11-6": [0.14059413737670506, -0.09304528833159666, -0.12156850362607009, -0.18368594992623033], "image-neg-29-4": [0.16858228016791832, 0.08303506224416154, 0.03876097722838994, -0.09896587229773966],